Theme.Boolean,Theme,Category,Abbr.Theme.Boolean
( vitality or stay young or live long or dog young or dog young or cat young or cat young or dog feel young or dog feel young or cat feel young or cat feel young or feel young or feel young or dog live forever or cat live forever or increase life expectancy or extend life expectancy or fight age or anti age or antiaging or control effect of age or agingdog or agingcat ),Aging Pets-Vitality,Simple OR,( vtlty or sty yng or lv lng or dog yng or dog yng or cat yng or cat yng or dog fl yng or dog fl yng or cat fl yng or cat fl yng or fl yng or fl yng or dog lv frvr or cat lv frvr or incrs lf expct or extnd lf expct or fght age or ant age or antgn or cntrl efct of age or agngd or agngc )
( air dry or air spin-dry or airdried or airdry or airdrying or sun cure or suncured or sundried or sun dry or sun dry ) and not ( bath or bathe or bath or swim or swim or swim or wet or groomer or groom or groom ),Air Dried,Single AND NOT,( air dry or air spn-dr or ardrd or ardry or ardry or sun cr or sncrd or sndrd or sun dry or sun dry ) and not ( bth or bth or bth or swm or swm or swm or wet or grmr or grm or grm )
( alga or kelp or spirulina or microalgae or micro alga or tasco or alga or kelp or spirulina ),Algae,Simple OR,( alg or klp or sprln or mcrlg or mcr alg or tsc or alg or klp or sprln )
( ( food or food or ingredient or ingredient or gluten or wheat or milk or dairy or lactose or egg or egg or soy or peanut or peanut or treenut or tree nut or tree nut or treenuts or treenut or treenuts or fish or shellfish ) and ( allergen or allergen or allergy or allergic or intolerance or intolerant or sensitivity or allergy or hot spot or hot spot or dermatitis or eczema or sensitivity or sensitive or hypoallergenic ) ) or elimination diet or elimination diet or eliminationdiet or foodallergy or foodallergies,Allergy Management,Double closing bracket,( ( fd or fd or ingrd or ingrd or gltn or wht or mlk or dry or lcts or egg or egg or soy or pnt or pnt or trnt or tr nut or tr nut or trnts or trnt or trnts or fsh or shlfs ) and ( alrgn or alrgn or alrgy or alrgc or intlr or intlr or snstv or alrgy or hot spt or hot spt or drmtt or eczm or snstv or snstv or hyplr ) ) or elmnt dt or elmnt dt or elmnt or fdlrg or fdlrg
ancient grain or ancient grain or kamut or emmer or farero or teff or spell or bulgar or freekeh or buckwheat or sorghum or amaranth or quinoa or barley or chia or millet or khorasan wheat or farro or einkorn or rye or chakhao or forbid rice or bhutanese red rice,Ancient Grains,Simple OR,ancnt grn or ancnt grn or kmt or emr or frr or tf or spl or blgr or frkh or bckwh or srghm or amrnt or qn or brly or ch or mlt or khrsn wht or fr or enkrn or rye or chkh or frbd rc or bhtns red rc
humanely raise or raise humanely or ethically raise or ethical treatment or raise ethically or humane source or humanely source or animal welfare or global animal partnership or animal welfare rate program or fivestep rate program or gap certification or gap certify or five step certification or five step animal welfare program or global animal partnership or grass feed or grassfed or grassfed or grass finish or grassfinished or ranch raise or ranchraised or free range or freerange or slow grow or noncafo or non cafo or nonfeedlot or non feedlot or animalwelfare or humanetreatment or ( ( farm raise or farmraised or farmraised ) and not ( factory farm or fish or salmon or sardine or seafood or tilapi or cod ) ) or ( ( cage free or cagefree or pen free or penfree or cagefree ) and ( chicken or chicken or pork or pig or pig or livestock ) ) or ( ( pasture raise or pastureraised or pastureraised ) and ( food or source or source or claim or claim or claim or chicken or chicken or beef or cow or protein or livestock ) ) or ( ( free forage or free forage ) and ( chicken or chicken or pig or pig or pork or cow or cow or beef ) ) or ( ( slaughter or slaughter or slaughter ) and ( compassionate or compassionately ) ) or ( ( temple grandin ) and ( slaughter or method or method or technique or technique or slaughterhouse or slaughter house or animal welfare or animalwelfare ) ),Animal Welfare (ALL),CHECK,hmnly rs or rs hmnly or ethcl rs or ethcl trtmn or rs ethcl or hmn src or hmnly src or anml wlfr or glbl anml prtnr or anml wlfr rt prgrm or fvstp rt prgrm or gap crtfc or gap crtfy or fv stp crtfc or fv stp anml wlfr prgrm or glbl anml prtnr or grs fd or grsfd or grsfd or grs fnsh or grsfn or rnch rs or rnchr or fr rng or frrng or slw grw or nncf or non cf or nnfdl or non fdlt or anmlw or hmntr or ( ( frm rs or frmrs or frmrs ) and not ( fctry frm or fsh or slmn or srdn or sfd or tlp or cod ) ) or ( ( cg fr or cgfr or pen fr or pnfr or cgfr ) and ( chckn or chckn or prk or pig or pig or lvstc ) ) or ( ( pstr rs or pstrr or pstrr ) and ( fd or src or src or clm or clm or clm or chckn or chckn or bf or cow or prtn or lvstc ) ) or ( ( fr frg or fr frg ) and ( chckn or chckn or pig or pig or prk or cow or cow or bf ) ) or ( ( slght or slght or slght ) and ( cmpsn or cmpsn ) ) or ( ( tmpl grndn ) and ( slght or mthd or mthd or tchnq or tchnq or slght or slght hs or anml wlfr or anmlw ) )
( ( ( antibiotic or antibiotic ) and ( hormone or hormone ) ) and ( free or free or zero or no or without ) ),Antibiotic and Hormone Free,Double AND,( ( ( antbt or antbt ) and ( hrmn or hrmn ) ) and ( fr or fr or zr or no or wtht ) )
( antibiotic or antibiotic ) and ( free or free or zero or no or without ),Antibiotic Free,Single AND,( antbt or antbt ) and ( fr or fr or zr or no or wtht )
aquiculture or aquaculture or aquaculture,Aquaculture,Simple OR,aqclt or aqclt or aqclt
( artificial and ( color or color or colorant or colorant or color or dye or dye or red ) ) and ( free or free or zero or no or without ),Artificial Colors,Double AND,( artfc and ( clr or clr or clrnt or clrnt or clr or dye or dye or red ) ) and ( fr or fr or zr or no or wtht )
( artificial and ( flavor or flavor or flavor ) ) and ( free or free or zero or no or without ) ),Artificial Flavors,Double AND,( artfc and ( flvr or flvr or flvr ) ) and ( fr or fr or zr or no or wtht ) )
( ( artificial and ( preservative or preservative ) ) or bha or bht or ethoxyquin or sodium benzoate ) and ( free or free or zero or no or without ) ),Artificial Preservatives,Double closing bracket,( ( artfc and ( prsrv or prsrv ) ) or bha or bht or ethxy or sdm bnzt ) and ( fr or fr or zr or no or wtht ) )
( ( artificial and ( sweetener or sweetener or sugar ) ) or saccharin or sweet n low or sweet 'n low or aspartame or sucralose or splenda ) and ( free or free or zero or no or without ) ),Artificial Sweeteners,Double closing bracket,( ( artfc and ( swtnr or swtnr or sgr ) ) or schrn or swt n low or swt 'n low or asprt or scrls or splnd ) and ( fr or fr or zr or no or wtht ) )
( ( ( artificial color or artificial color or artificial dye or artificial dye or artificial colorant or artificial colorant or artificial color ) and ( artificial preservative or artificial preservative ) and ( artificial flavor or artificial flavor ) ) or artificial ingredient or artificial ingredient ) and ( free or free or zero or no or without ) ),Artificial- Total,Double closing bracket,( ( ( artfc clr or artfc clr or artfc dye or artfc dye or artfc clrnt or artfc clrnt or artfc clr ) and ( artfc prsrv or artfc prsrv ) and ( artfc flvr or artfc flvr ) ) or artfc ingrd or artfc ingrd ) and ( fr or fr or zr or no or wtht ) )
ayurverdic or ayurverdic or ayurvedic or ayurvedic,Ayurverdic,Simple OR,ayrvr or ayrvr or ayrvd or ayrvd
( ( barf or biologically appropriate raw food or biologically appropriate raw food diet or bioappropriate raw food or bioappropriate raw food diet or bio appropriate raw food or bio appropriate raw food or ( bone and raw food ) or ( bone and raw food diet ) or barfdiet or barf ) and not ( barfed or barfs ) ),BARF,Single AND NOT,( ( brf or blgcl aprpr raw fd or blgcl aprpr raw fd dt or bprpr raw fd or bprpr raw fd dt or bio aprpr raw fd or bio aprpr raw fd or ( bn and raw fd ) or ( bn and raw fd dt ) or brfdt or brf ) and not ( brfd or brfs ) )
biodynamic and ( agriculture or ag or farm or farm or farm or farm or crop or crop ) and not ( wine ),Biodynamic,AND and AND NOT,bdynm and ( agrcl or ag or frm or frm or frm or frm or crp or crp ) and not ( wn )
( bio hack or bio hack or bio hack or biohacker or biohack or biohacking or biohacked or biohacker or biohacking or biohack ),Biohacking,Simple OR,( bio hck or bio hck or bio hck or bhckr or bhck or bhckn or bhckd or bhckr or bhckn or bhck )
( biologic or biologic ) and ( eat or eat or food or nutrition or diet or diet ),Biologics,Single AND,( blgc or blgc ) and ( eat or eat or fd or ntrtn or dt or dt )
( bone broth or bonebroth or bonebroth ),Bone Broth,Simple OR,( bn brth or bnbrt or bnbrt )
( bone and ( health or healthy ) ) or osteoporosis or bonehealth,Bone Health,Double closing bracket,( bn and ( hlth or hlthy ) ) or ostpr or bnhlt
( byproduct or byproduct or by product or biproduct or bi product or biproduct or byproduct or byproduct or by product or biproducts or bi product or biproducts ) and ( allergen or allergen or allergy or allergic or sensitivity or sensitive or allergy or sensitivity or intolerance or intolerant or free or free from or make without or zero or no or without ),By-Products,Single AND,( byprd or byprd or by prdct or bprdc or bi prdct or bprdc or byprd or byprd or by prdct or bprdc or bi prdct or bprdc ) and ( alrgn or alrgn or alrgy or alrgc or snstv or snstv or alrgy or snstv or intlr or intlr or fr or fr frm or mk wtht or zr or no or wtht )
( cage free or cagefree or pen free or penfree or cagefree ) and ( chicken or chicken or pork or pig or pig or livestock ),Cage/Pen Free,Single AND,( cg fr or cgfr or pen fr or pnfr or cgfr ) and ( chckn or chckn or prk or pig or pig or lvstc )
( carb or carbs or carbohydrate or carbohydrate or carbfree or carbohydratefree ) and ( no or low or zero or free or diet or diet or formula or formula ),Carb Free Diet,Single AND,( crb or crbs or crbhy or crbhy or crbfr or crbhy ) and ( no or low or zr or fr or dt or dt or frml or frml )
carrageenan and ( allergen or allergen or allergy or allergic or sensitivity or sensitive or allergy or sensitivity or intolerance or intolerant or free or free from or make without or zero or no or without ),Carrageenan,Single AND,crgnn and ( alrgn or alrgn or alrgy or alrgc or snstv or snstv or alrgy or snstv or intlr or intlr or fr or fr frm or mk wtht or zr or no or wtht )
cbd or cannabidiol or cannibinoid or hash oil or hemp or cannabinoid or hemp oil or hemp seed or hemp oil or hemp seed or hemp extract or cbd or cannabidiol,CBD,Simple OR,cbd or cnbdl or cnbnd or hsh oil or hmp or cnbnd or hmp oil or hmp sd or hmp oil or hmp sd or hmp extrc or cbd or cnbdl
certify organic or organic certification or organic certify or usdaorganic or certifiedorganic or usdacertified organic,Certified Organic,Simple OR,crtfy orgnc or orgnc crtfc or orgnc crtfy or usdrg or crtfd or usdcr orgnc
usda organic or certify kosher or nongmo project verify or non gmo project verify or american grassfed or certify humane or animal welfare approve or rainforest alliance certify or rainforest alliance certify or certify halal or food alliance certify or transitional organic or fair for life or gap five step animal welfare rate or animal welfare rate program or fivestep rate program or gap certification or gap certify or five step certification or five step animal welfare program or fsc certify or forest stewardship council or certify b corporation or certify biodynamic or certifiedhumane or usdaorganic,Certified/Verified (Land),Simple OR,usd orgnc or crtfy kshr or nngm prjct vrfy or non gmo prjct vrfy or amrcn grsfd or crtfy hmn or anml wlfr aprv or rnfrs alnc crtfy or rnfrs alnc crtfy or crtfy hll or fd alnc crtfy or trnst orgnc or fr for lf or gap fv stp anml wlfr rt or anml wlfr rt prgrm or fvstp rt prgrm or gap crtfc or gap crtfy or fv stp crtfc or fv stp anml wlfr prgrm or fsc crtfy or frst stwrd cncl or crtfy b crprt or crtfy bdynm or crtfd or usdrg
aquaculture stewardship council or monterey bay aquarium seafood watch or fishwise or fish wise or aquaculture or aquiculture or ocean wise or oceanwise or vancouver aquarium ocean wise,Certified/Verified (Seafood),Simple OR,aqclt stwrd cncl or mntry bay aqrm sfd wtch or fshws or fsh ws or aqclt or aqclt or ocn ws or ocnws or vncvr aqrm ocn ws
chamomile,Chamomile,Simple OR,chmml
( chicken or chicken ) and ( allergen or allergen or allergy or allergic or sensitivity or sensitive or allergy or sensitivity or intolerance or intolerant or free or free from or make without or zero or no or without ),Chicken Free,Single AND,( chckn or chckn ) and ( alrgn or alrgn or alrgy or alrgc or snstv or snstv or alrgy or snstv or intlr or intlr or fr or fr frm or mk wtht or zr or no or wtht )
meat and ( cell base or cellbased or lab grow or labgrown or cellcultured or cell culture or cellular or in vitro or invitro ),Clean (Cell Cultured Meat),Single AND,mt and ( cl bs or clbsd or lab grw or lbgrw or clclt or cl cltr or cllr or in vtr or invtr )
( alternative protein or alternative protein or alternate protein or alternate protein or alt protein or alt protein ) or ( ( protein or protein or edible or powder or powder or powder or roast or roast or roast or xbased ) and ( insect or insect or locust or locust or ant or ant or mealworm or mealworm or cricket or cricket or planthopper or plant hopper or planthoppers or plant hopper or leafhopper or leafhopper or leaf hopper or leaf hopper or cockroach or cock roach or cockroach or cock roach or cicada or cicada or grasshopper or grasshopper or grass hopper or grass hopper or bug or bug or worm or worm or larva or larva or bee or fly or fly or moth or moth or butterfly or butterfly or beetle or beetle or soldier fly or soldier fly or soldier fly larva or bsfl or black soldier fly larva or entomophagy or hermetia illucens or acheta domesticus or chapulines ) ) or ( meat and ( cell base or cellbased or lab grow or labgrown or cellcultured or cell culture or cellular or in vitro or invitro ) ) or ( plant protein or plant base protein or plantbased protein ) or ( ( source of protein or protein source or protein ) and ( yam or yam or soya or chickpea or chickpea or soy or bean or bean or pulse or lentil or lentil or alga or potato or potato or corn or tofu or pea or pea or legume or legume ) ),Clean/Insect/Novel Protein (ALL),,( altrn prtn or altrn prtn or altrn prtn or altrn prtn or alt prtn or alt prtn ) or ( ( prtn or prtn or edbl or pwdr or pwdr or pwdr or rst or rst or rst or xbsd ) and ( insct or insct or lcst or lcst or ant or ant or mlwrm or mlwrm or crckt or crckt or plnth or plnt hpr or plnth or plnt hpr or lfhpr or lfhpr or lf hpr or lf hpr or cckrc or cck rch or cckrc or cck rch or ccd or ccd or grshp or grshp or grs hpr or grs hpr or bug or bug or wrm or wrm or lrv or lrv or bee or fly or fly or mth or mth or btrfl or btrfl or btl or btl or sldr fly or sldr fly or sldr fly lrv or bsfl or blck sldr fly lrv or entmp or hrmt ilcns or acht dmstc or chpln ) ) or ( mt and ( cl bs or clbsd or lab grw or lbgrw or clclt or cl cltr or cllr or in vtr or invtr ) ) or ( plnt prtn or plnt bs prtn or plntb prtn ) or ( ( src of prtn or prtn src or prtn ) and ( yam or yam or sy or chckp or chckp or soy or bn or bn or pls or lntl or lntl or alg or ptt or ptt or crn or tf or pea or pea or lgm or lgm ) )
( cognition or cognitive or brain health or healthy brain or brain food or brain diet or brain acuity or mental acuity or brainhealth or cognition ),Cognition/Brain Health,Simple OR,( cgntn or cgntv or brn hlth or hlthy brn or brn fd or brn dt or brn acty or mntl acty or brnhl or cgntn )
( collagen or collagen ) and not ( collagen case or zinc help with collagen absorption ),Collagen,Simple OR,( clgn or clgn ) and not ( clgn cs or znc hlp wth clgn absrp )
( corn ) and ( allergen or allergen or allergy or allergic or sensitivity or sensitive or allergy or sensitivity or intolerance or intolerant or free or free from or make without or zero or no or without ) and not high fructose corn syrup,Corn Free,AND and AND NOT,( crn ) and ( alrgn or alrgn or alrgy or alrgc or snstv or snstv or alrgy or snstv or intlr or intlr or fr or fr frm or mk wtht or zr or no or wtht ) and not hgh frcts crn syrp
( direct to home or directtohome or dtc or meal kit or meal kit or subscription box or subscription box or subscription service or farmer's dog or farmer dog or petplate or ollie or nomnomnow or just right by purina or coast + range or just food for dog or raise right pet or yadoggie or holi chow or puppo or tailscom or butternut box ),Customized DTC,Simple OR,( drct to hm or drcth or dtc or ml kit or ml kit or sbscr box or sbscr box or sbscr srvc or frmr's dog or frmr dog or ptplt or ol or nmnmn or jst rght by prn or cst + rng or jst fd for dog or rs rght pet or ydg or hl chw or pp or tlscm or btrnt box )
( dairy or milk or lactose ) and ( allergen or allergen or allergy or allergic or sensitivity or sensitive or allergy or sensitivity or intolerance or intolerant or free or free from or make without or zero or no or without or non ),DairyFree,Double closing bracket,( dry or mlk or lcts ) and ( alrgn or alrgn or alrgy or alrgc or snstv or snstv or alrgy or snstv or intlr or intlr or fr or fr frm or mk wtht or zr or no or wtht or non )
( ( dash and ( diet or diet or diet or formula or formula ) ) or dashdiets or dash ),Dash Diet,Single AND,( ( dsh and ( dt or dt or dt or frml or frml ) ) or dshdt or dsh )
dehydrate and not ( thirst or thirsty or water or fluid or be dehydrate or iv ),Dehydrated,Single AND NOT,dhydr and not ( thrst or thrst or wtr or fld or be dhydr or iv )
( ( oral or dental or tooth or gum or breath ) and ( health or care or healthy or probiotic or microbiome or brush or brush or brush or toothbrush or toothpaste or clean or clean ) ) or “ chewable toothpaste ” or “ edible toothpaste ” or “ dental chew ” or “ dental chew ” or “ oral chew ” or “ oral chew or dental treat or dental treat ” or oralhealth or dentalhealth,Dental/Oral Health,Double closing bracket,( ( orl or dntl or tth or gum or brth ) and ( hlth or cr or hlthy or prbtc or mcrbm or brsh or brsh or brsh or tthbr or tthps or cln or cln ) ) or “ chwbl tthps ” or “ edbl tthps ” or “ dntl chw ” or “ dntl chw ” or “ orl chw ” or “ orl chw or dntl trt or dntl trt ” or orlhl or dntlh
( diabetes or diabetic or diabetes or diabetic ) and not ( diabetic alert ),Diabetes Management,Single AND NOT,( dbts or dbtc or dbts or dbtc ) and not ( dbtc alrt )
( probiotic or probiotic or fortiflora or prebiotic or prebiotic or ferment or ferment or fermentable or fermentation or pickle or kefir or kimchi or kombucha or nato or miso or tempeh or digestion or digestive or digest or digest or digest or sensitive stomach or sensitive skin and stomach or sensitive tummy or gastro or gastrointestinal or gi ) and not animal digest or treaty or sick as a dog,Digestive (ALL),Single AND NOT,( prbtc or prbtc or frtfl or prbtc or prbtc or frmnt or frmnt or frmnt or frmnt or pckl or kfr or kmch or kmbch or nt or ms or tmph or dgstn or dgstv or dgst or dgst or dgst or snstv stmch or snstv skn and stmch or snstv tmy or gstr or gstrn or gi ) and not anml dgst or trty or sck as a dog
( egg or egg ) and ( allergen or allergen or allergy or allergic or sensitivity or sensitive or allergy or sensitivity or intolerance or intolerant or free or free from or make without or zero or no or without ),Egg Free,Single AND,( egg or egg ) and ( alrgn or alrgn or alrgy or alrgc or snstv or snstv or alrgy or snstv or intlr or intlr or fr or fr frm or mk wtht or zr or no or wtht )
( ethoxyquin or ethoxyquin ) and ( allergen or allergen or allergy or allergic or sensitivity or sensitive or allergy or sensitivity or intolerance or intolerant or free or free from or make without or zero or no or without ),ethoxyquin,Single AND,( ethxy or ethxy ) and ( alrgn or alrgn or alrgy or alrgc or snstv or snstv or alrgy or snstv or intlr or intlr or fr or fr frm or mk wtht or zr or no or wtht )
fair trade or fairtrade or fairtrade,Fair Trade,Simple OR,fr trd or frtrd or frtrd
( fair trade or fairtrade ) and ( certify or certification ),Fair Trade Certified,Single AND,( fr trd or frtrd ) and ( crtfy or crtfc )
( farm raise or farmraised or farmraised ) and not ( factory farm or fish or salmon or sardine or seafood or tilapi or cod ),Farm Raised (Land),Single AND NOT,( frm rs or frmrs or frmrs ) and not ( fctry frm or fsh or slmn or srdn or sfd or tlp or cod )
( fish or seafood or shrimp or tilapia or salmon or cod ) and ( farm or farm or farm or farmraised ),Farm Raised (Seafood),Single AND,( fsh or sfd or shrmp or tlp or slmn or cod ) and ( frm or frm or frm or frmrs )
( human food or homemade food or home make food or my food or homecooked or home cook or homemade or home make or diy food or diy meal ),Feeding Human Food,Simple OR,( hmn fd or hmmd fd or hm mk fd or my fd or hmckd or hm ck or hmmd or hm mk or diy fd or diy ml )
( ferment or ferment or fermentable or fermentation or pickle or kefir or kimchi or kombucha or nato or miso or tempeh ),Fermented Foods,Simple OR,( frmnt or frmnt or frmnt or frmnt or pckl or kfr or kmch or kmbch or nt or ms or tmph )
( ( filler or filler ) and ( food or ingredient or ingredient or formula or formula ) ) and ( allergen or allergen or allergy or allergic or sensitivity or sensitive or allergy or sensitivity or intolerance or intolerant or free or free from or make without or zero or no or without ),Fillers,Single AND,( ( flr or flr ) and ( fd or ingrd or ingrd or frml or frml ) ) and ( alrgn or alrgn or alrgy or alrgc or snstv or snstv or alrgy or snstv or intlr or intlr or fr or fr frm or mk wtht or zr or no or wtht )
( flexitarian or flexitarians ),Flexitarian Diet,Simple OR,( flxtr or flxtr )
( fodmaps or fodmap or fermentable oligodimonosaccharides polyol or fodmap or fodmaps ),FODMAPS Diet,Simple OR,( fdmps or fdmp or frmnt olgdm plyl or fdmp or fdmps )
( carbon footprint or carbon foot print or carbon impact or carbon free or carbon neutral or carbon zero or carbon pawprint or carbon paw print ),Food Carbon Impact,Simple OR,( crbn ftprn or crbn ft prnt or crbn impct or crbn fr or crbn ntrl or crbn zr or crbn pwprn or crbn paw prnt )
( traceability or trace or traceability ) and ( food ),Food Traceability,Single AND,( trcbl or trc or trcbl ) and ( fd )
food waste or food loss or waste food or waste food or food recovery solution or zero hunger zero waste or zero hunger or zero waste or upcycling food or upcycle food or foodwaste or watedfood or zerowaste,Food Waste,Simple OR,fd wst or fd ls or wst fd or wst fd or fd rcvry sltn or zr hngr zr wst or zr hngr or zr wst or upcyc fd or upcyc fd or fdwst or wtdfd or zrwst
( free forage or free forage ) and ( chicken or chicken or pig or pig or pork or cow or cow or beef ),Free Foraging,Single AND,( fr frg or fr frg ) and ( chckn or chckn or pig or pig or prk or cow or cow or bf )
free range or freerange or freerange or free range or freeranging,Free Range,Simple OR,fr rng or frrng or frrng or fr rng or frrng
( freeze dry or freezedried or frz drd or freezedrying or freeze spin-dry ),Freeze Dried,Simple OR,( frz dry or frzdr or frz drd or frzdr or frz spn-dr )
( global animal partnership or animal welfare rate program or fivestep rate program or gap certification or gap certify or five step certification or five step animal welfare program or global animal partnership ),GAP Standards,Simple OR,( glbl anml prtnr or anml wlfr rt prgrm or fvstp rt prgrm or gap crtfc or gap crtfy or fv stp crtfc or fv stp anml wlfr prgrm or glbl anml prtnr )
( ( genomics or genome or genome or genomic or gene map ) and ( eat or eat or food or nutrition or diet or diet ) ) or nutrigenomics or nutrigenomics,Genomics,Double closing bracket,( ( gnmcs or gnm or gnm or gnmc or gn map ) and ( eat or eat or fd or ntrtn or dt or dt ) ) or ntrgn or ntrgn
( gluten or glutenfree ) and ( no or free or zero or make without or free from or sensitive or sensitivity or sensitivity or allergy or allergy or allergic or intolerance or intolerant or without or allergen or allergen ),Gluten Free,Single AND,( gltn or gltnf ) and ( no or fr or zr or mk wtht or fr frm or snstv or snstv or snstv or alrgy or alrgy or alrgc or intlr or intlr or wtht or alrgn or alrgn )
( glyphosate or detox project or glyphosate ) and ( allergen or allergen or allergy or allergic or sensitivity or sensitive or allergy or sensitivity or intolerance or intolerant or free or free from or make without or zero or no or without ),Glyphosate,Single AND,( glyph or dtx prjct or glyph ) and ( alrgn or alrgn or alrgy or alrgc or snstv or snstv or alrgy or snstv or intlr or intlr or fr or fr frm or mk wtht or zr or no or wtht )
( ( gmo or gmos or gmo's or genetically modify organism or genetically modify organism ) and ( no or none or non or non or free or freefrom or make without ) ) or ( nongmo project verify or non gmo project verify or nongmo or gmofree or nongmo ),GMO Free/Non-GMO,Double closing bracket,( ( gmo or gms or gm's or gntcl mdfy orgns or gntcl mdfy orgns ) and ( no or nn or non or non or fr or frfrm or mk wtht ) ) or ( nngm prjct vrfy or non gmo prjct vrfy or nngm or gmfr or nngm )
( ( grain or grain ) and ( no or free or free or zero or make without or free from or sensitive or sensitivity or sensitivity or allergy or allergy or allergic or intolerance or intolerant or without or allergen or allergen ) ) or grainfree or grainfree,Grain Free,Single AND,( ( grn or grn ) and ( no or fr or fr or zr or mk wtht or fr frm or snstv or snstv or snstv or alrgy or alrgy or alrgc or intlr or intlr or wtht or alrgn or alrgn ) ) or grnfr or grnfr
( grass feed or grassfed or grassfed or grass finish or grassfinished or grassfed ),Grass Fed,Simple OR,( grs fd or grsfd or grsfd or grs fnsh or grsfn or grsfd )
( gum or gum ) and ( allergen or allergen or allergy or allergic or sensitivity or sensitive or allergy or sensitivity or intolerance or intolerant or free or free from or make without or zero or no or without ) and not ( tara gum or tara gum or gellan gum or gellan gum or vegetable gum or vegetable gum or xanthan vegetable gum or xanthan vegetable gum or xanthan gum or xantham gum or agar agar or cellulose gum or cellulose gum or guar gum or guar gum or locust bean gum or locust bean gum or pectin ),Gum Free,AND and AND NOT,( gum or gum ) and ( alrgn or alrgn or alrgy or alrgc or snstv or snstv or alrgy or snstv or intlr or intlr or fr or fr frm or mk wtht or zr or no or wtht ) and not ( tr gum or tr gum or gln gum or gln gum or vgtbl gum or vgtbl gum or xnthn vgtbl gum or xnthn vgtbl gum or xnthn gum or xnthm gum or agr agr or clls gum or clls gum or gr gum or gr gum or lcst bn gum or lcst bn gum or pctn )
gut brain axis or gutbrain axis or gutbrain or gut brain connection or gutbrain connection or braingut axis or brain gut axis or brain gut connection or braingut or brain gut or braingut connection or mind gut or gut mind or mindgut or gutmind,Gut Brain Axis,Simple OR,gut brn axs or gtbrn axs or gtbrn or gut brn cnctn or gtbrn cnctn or brngt axs or brn gut axs or brn gut cnctn or brngt or brn gut or brngt cnctn or mnd gut or gut mnd or mndgt or gtmnd
gut and ( health or healthy or flora or heal or heal or leaky ) or guthealth or gutflora,Gut Health,Single AND,gut and ( hlth or hlthy or flr or hl or hl or lky ) or gthlt or gtflr
gut microbiome or gut microflora or gut microbiota or gut flora or gutmicrobiome or gutflora or gutmicroflora or gutmicrobiota,Gut Microbiome,Simple OR,gut mcrbm or gut mcrfl or gut mcrbt or gut flr or gtmcr or gtflr or gtmcr or gtmcr
( hairball or hair ball ) and ( formula or formula or diet or diet or food or treat ),Hairball,Single AND,( hrbl or hr bl ) and ( frml or frml or dt or dt or fd or trt )
food and ( hand craft or handmade or hand make or handmade or craft or small batch or hand pack or handpacked ),Hand Crafted Foods,Single AND,fd and ( hnd crft or hndmd or hnd mk or hndmd or crft or sml btch or hnd pck or hndpc )
( digestion or digestive or digestible or digestibility or digest or digest or digest or sensitive stomach or ( sensitive skin and stomach ) or sensitive tummy or gastro or gastrointestinal or gi or digestion or digestivehealth ) and not animal digest,Healthy Digestion,Single AND NOT,( dgstn or dgstv or dgstb or dgstb or dgst or dgst or dgst or snstv stmch or ( snstv skn and stmch ) or snstv tmy or gstr or gstrn or gi or dgstn or dgstv ) and not anml dgst
weight management or healthy weight or lose weight or overweight or obese or obesity or on a diet or weight control or control weight or weight care,Healthy Weight/Weight Management,Simple OR,wght mngmn or hlthy wght or ls wght or ovrwg or obs or obsty or on a dt or wght cntrl or cntrl wght or wght cr
dilate cardiomyopathy or dcm or diet relate cardiomyopathy or dcm or heart and grain or ( heart and lentil ) or ( heart and legume ) or ( heart and pea ) or ( taurine and grain ) or ( heart and potato ) or ( heart and soy ) or heart disease or heartdisease or heart condition or nutrition relate cardiomyopathy,Heart Disease Total,CHECK,dlt crdmy or dcm or dt rlt crdmy or dcm or hrt and grn or ( hrt and lntl ) or ( hrt and lgm ) or ( hrt and pea ) or ( trn and grn ) or ( hrt and ptt ) or ( hrt and soy ) or hrt dss or hrtds or hrt cndtn or ntrtn rlt crdmy
( heart and ( health or healthy ) ) or hearthealth,Heart Health,Single AND,( hrt and ( hlth or hlthy ) ) or hrthl
( heritage breed or heritage breed or heritage turkey or heritage turkey or heritage pork or heritage meat or heritage chicken or heritage chicken or heritage livestock or heritage beef or heritage beef or heritage cow or heritage cow or heritage pig or heritage pig or heirloom breed or heirloom breed or heirloom turkey or heirloom turkey or heirloom pork or heirloom meat or heirloom chicken or heirloom chicken or heirloom livestock or heirloom beef or heirloom beef or heirloom cow or heirloom cow or heirloom pig or heirloom pig ),Heritage-Breed Meats,Simple OR,( hrtg brd or hrtg brd or hrtg trky or hrtg trky or hrtg prk or hrtg mt or hrtg chckn or hrtg chckn or hrtg lvstc or hrtg bf or hrtg bf or hrtg cow or hrtg cow or hrtg pig or hrtg pig or hrlm brd or hrlm brd or hrlm trky or hrlm trky or hrlm prk or hrlm mt or hrlm chckn or hrlm chckn or hrlm lvstc or hrlm bf or hrlm bf or hrlm cow or hrlm cow or hrlm pig or hrlm pig )
( high protein or highprotein ),High Protein,Simple OR,( hgh prtn or hghpr )
holistic and ( diet or food or nutrition or medicine or practice or health or earthborn or earth bear or formula or formula ),Holistic Food,Single AND,hlstc and ( dt or fd or ntrtn or mdcn or prctc or hlth or erthb or erth br or frml or frml )
homeopathic or homeopathy or home remedy or home remedy or natural cure or natural remedy or natural remedy or natural cure or natural heal or heal naturally or alternative medicine or alternative medicine or alternative heal or diy medicine or diy heal or diy remedy or diy homemade heal or homeopathic or homeopathy,Homeopathic Remedies,Simple OR,hmpth or hmpth or hm rmdy or hm rmdy or ntrl cr or ntrl rmdy or ntrl rmdy or ntrl cr or ntrl hl or hl ntrly or altrn mdcn or altrn mdcn or altrn hl or diy mdcn or diy hl or diy rmdy or diy hmmd hl or hmpth or hmpth
( hormone or hormone ) and ( free or free or zero or add or no or without ),Hormone Free,Single AND,( hrmn or hrmn ) and ( fr or fr or zr or add or no or wtht )
( human grade or humangrade ) or humangrade,Human Grade,Simple OR,( hmn grd or hmngr ) or hmngr
( humanely raise or raise humanely or ethically raise or ethical treatment or raise ethically or humane source or humanely source or global animal partnership or welfare rate program or fivestep rate program or gap certification or gap certify or five step certification or five step animal welfare program or global animal partnership or animal welfare or humanelyraised or ethicallyraised ),Humanely Raised,Simple OR,( hmnly rs or rs hmnly or ethcl rs or ethcl trtmn or rs ethcl or hmn src or hmnly src or glbl anml prtnr or wlfr rt prgrm or fvstp rt prgrm or gap crtfc or gap crtfy or fv stp crtfc or fv stp anml wlfr prgrm or glbl anml prtnr or anml wlfr or hmnly or ethcl )
( hydrate or hydration or hydrate or hydrate or water alternative or water alternative or homemade dog drink or homemade dog drink or homemade cat drink or homemade cat drink or puppuccino or puppuccinos or electrolyte water or pupsicle or pupsicles ) or ( wet food or moist food ) and ( dehydrate or dehydration or water alternative or hydrate or hydration or hydrate or hydrate or hydrate ),Hydration,Single AND,( hydrt or hydrt or hydrt or hydrt or wtr altrn or wtr altrn or hmmd dog drnk or hmmd dog drnk or hmmd cat drnk or hmmd cat drnk or ppcn or ppcns or elctr wtr or ppscl or ppscl ) or ( wet fd or mst fd ) and ( dhydr or dhydr or wtr altrn or hydrt or hydrt or hydrt or hydrt or hydrt )
( immune and ( health or healthy or boost ) ) or immunehealth,Immune Health,Single AND,( imn and ( hlth or hlthy or bst ) ) or imnhl
( imperfect produce or imperfect fruit or imperfect fruit or imperfect vegetable or imperfect vegetable or imperfect veg or ugly fruit or ugly fruit or ugly vegetable or ugly vegetable or ugly veg or ugly produce or imperfectproduce ),Imperfect Produce,Simple OR,( imprf prdc or imprf frt or imprf frt or imprf vgtbl or imprf vgtbl or imprf veg or ugly frt or ugly frt or ugly vgtbl or ugly vgtbl or ugly veg or ugly prdc or imprf )
( inflammation or inflammatory or inflame or inflammation ) and not response,Inflammation,Single AND NOT,( inflm or inflm or inflm or inflm ) and not rspns
( protein or protein or edible or powder or powder or powder or roast or roast or roast or xbased ) and ( insect or insect or locust or locust or ant or ant or mealworm or mealworm or cricket or cricket or planthopper or plant hopper or planthoppers or plant hopper or leafhopper or leafhopper or leaf hopper or leaf hopper or cockroach or cock roach or cockroach or cock roach or cicada or cicada or grasshopper or grasshopper or grass hopper or grass hopper or bug or bug or worm or worm or larva or larva or bee or fly or fly or moth or moth or butterfly or butterfly or beetle or beetle or soldier fly or soldier fly or soldier fly larva or bsfl or black soldier fly larva or entomophagy or hermetia illucens or acheta domesticus or chapulines ) and not worm chow,Insect Proteins,AND and AND NOT,( prtn or prtn or edbl or pwdr or pwdr or pwdr or rst or rst or rst or xbsd ) and ( insct or insct or lcst or lcst or ant or ant or mlwrm or mlwrm or crckt or crckt or plnth or plnt hpr or plnth or plnt hpr or lfhpr or lfhpr or lf hpr or lf hpr or cckrc or cck rch or cckrc or cck rch or ccd or ccd or grshp or grshp or grs hpr or grs hpr or bug or bug or wrm or wrm or lrv or lrv or bee or fly or fly or mth or mth or btrfl or btrfl or btl or btl or sldr fly or sldr fly or sldr fly lrv or bsfl or blck sldr fly lrv or entmp or hrmt ilcns or acht dmstc or chpln ) and not wrm chw
( ( instinct or instinctual or ancestral ) and ( food or fee or feed or diet or diet or formula or formula ) ) or ( prey diet or preydiet or prey model or preymodel or whole prey or wholeprey or barf or biologically appropriate raw food or biologically appropriate raw food diet or bioappropriate raw food or bioappropriate raw food diet or bio appropriate raw food or bio appropriate raw food or ( bone and raw food ) or ( bone and raw food diet ) or whole muscle or whole five jerky or ancestral or instinctual or prey or wholeprey or preydiet or rawfood or rawfeeding or rawdogfood or rawcatfood or rawpuppyfood or rawkittenfood or feedingraw or rawdiet or pmrdiet or barfdiet or barf or bonesandrawfood ) or ( raw and not ( paw or paw or nose or ear or ear ) ) and not ( barfed or barfs ),Instinctual/Ancestral-Total,,( ( instn or instn or ancst ) and ( fd or fee or fd or dt or dt or frml or frml ) ) or ( pry dt or prydt or pry mdl or prymd or whl pry or whlpr or brf or blgcl aprpr raw fd or blgcl aprpr raw fd dt or bprpr raw fd or bprpr raw fd dt or bio aprpr raw fd or bio aprpr raw fd or ( bn and raw fd ) or ( bn and raw fd dt ) or whl mscl or whl fv jrky or ancst or instn or pry or whlpr or prydt or rwfd or rwfdn or rwdgf or rwctf or rwppy or rwktn or fdngr or rwdt or pmrdt or brfdt or brf or bnsnd ) or ( raw and not ( paw or paw or ns or ear or ear ) ) and not ( brfd or brfs )
joint health or healthy joint or joint care or chondroitin or glucosamine or arthritis or ( bone and joint ) or ( hip and joint ) or ( hip and joint ) or ( bone and joint ) or joint treat or joint treat or jointhealth or arthritis,Joint Health,Simple OR,jnt hlth or hlthy jnt or jnt cr or chndr or glcsm or arthr or ( bn and jnt ) or ( hip and jnt ) or ( hip and jnt ) or ( bn and jnt ) or jnt trt or jnt trt or jnthl or arthr
( ketogenic or keto or ketosis or ketogenic or keto ),Ketogenic Diet,Simple OR,( ktgnc or kt or ktss or ktgnc or kt )
( lavender and ( anxiety or anxious or relax or calm or calm or depression or depress or eat or fee or feed or give or give or consume or fee ) ) and not ( oil or litter ),Lavender,AND and AND NOT,( lvndr and ( anxty or anxs or rlx or clm or clm or dprsn or dprs or eat or fee or fd or gv or gv or cnsm or fee ) ) and not ( oil or ltr )
( lectin or lectin ) and ( allergen or allergen or allergy or allergic or sensitivity or sensitive or allergy or sensitivity or intolerance or intolerant or free or free from or make without or zero or no or without ),Lectin Free,Single AND,( lctn or lctn ) and ( alrgn or alrgn or alrgy or alrgc or snstv or snstv or alrgy or snstv or intlr or intlr or fr or fr frm or mk wtht or zr or no or wtht )
( legume or legume ) and ( allergen or allergen or allergy or allergic or sensitivity or sensitive or allergy or sensitivity or intolerance or intolerant or free or free from or make without or zero or no or without ),Legume Free,Single AND,( lgm or lgm ) and ( alrgn or alrgn or alrgy or alrgc or snstv or snstv or alrgy or snstv or intlr or intlr or fr or fr frm or mk wtht or zr or no or wtht )
( lentil or lentil ) and ( allergen or allergen or allergy or allergic or sensitivity or sensitive or allergy or sensitivity or intolerance or intolerant or free or free from or make without or zero or no or without ),Lentil Free,Single AND,( lntl or lntl ) and ( alrgn or alrgn or alrgy or alrgc or snstv or snstv or alrgy or snstv or intlr or intlr or fr or fr frm or mk wtht or zr or no or wtht )
( ( age or old or senior or mature or old or seven or adult ) and ( formula or formula or food or feed or feed or serve or serve or serve or feed or eat or eat or eat or diet or diet ) ) or ( lifestage formula or life stage formula or lifestage formula or life stage formula ) or ( puppy or puppy's or puppy or kitten or kitten ) and ( formula or formula or food or feed or feed or serve or serve or serve or feed or eat or eat or eat or diet or diet ),Lifestage (ALL),CHECK,( ( age or old or snr or mtr or old or svn or adlt ) and ( frml or frml or fd or fd or fd or srv or srv or srv or fd or eat or eat or eat or dt or dt ) ) or ( lfstg frml or lf stg frml or lfstg frml or lf stg frml ) or ( ppy or ppy's or ppy or ktn or ktn ) and ( frml or frml or fd or fd or fd or srv or srv or srv or fd or eat or eat or eat or dt or dt )
( limit ingredient or limit ingredient or limitedingredientdiet ) or limitedingredients or limitedingredient,Limited Ingredient,Simple OR,( lmt ingrd or lmt ingrd or lmtdn ) or lmtdn or lmtdn
( make in usa or make in the usa or usa make or manufacture in usa or manufacture in the usa or usa manufacture or american make or madeinusa or madeintheusa or madeinamerica or sourcedintheusa or americanmade or usasourced ),Made in the USA,Simple OR,( mk in usa or mk in the usa or usa mk or mnfct in usa or mnfct in the usa or usa mnfct or amrcn mk or mdns or mdnth or mdnmr or srcdn or amrcn or ussrc )
( medi or mediterranean ) and ( diet or diet or diet or formula or formula ),Mediterranean Diet,Single AND,( md or mdtrn ) and ( dt or dt or dt or frml or frml )
microbiome or microflora or microbiota or gut flora or oral flora or skin flora or microbiome or microbiota or microflora or gutflora or oralflora or skinflora or gutmicrobiome or skinmicrobiome or oralmicrobiome,Microbiome (ALL),Simple OR,mcrbm or mcrfl or mcrbt or gut flr or orl flr or skn flr or mcrbm or mcrbt or mcrfl or gtflr or orlfl or sknfl or gtmcr or sknmc or orlmc
( ( milk or milk or dairy ) and ( quinoa or soy or almond or coconut or oat or rice or hemp or cashew or nut or nutbased or macadamia or pea or black sesame or seed ) ) or seedmilk,Milk Alternatives,Double closing bracket,( ( mlk or mlk or dry ) and ( qn or soy or almnd or ccnt or oat or rc or hmp or cshw or nut or ntbsd or mcdm or pea or blck ssm or sd ) ) or sdmlk
mind and ( diet or diet or diet or formula or formula ),MIND Diet,Single AND,mnd and ( dt or dt or dt or frml or frml )
( minimally process or minimal process or process minimally or unprocessed ),Minimally Processed,Simple OR,( mnmly prcs or mnml prcs or prcs mnmly or unprc )
( mouse muscle treat or mouse muscle treat or mouse muscle treat or mouse muscle treat or labgrown mouse meat or lab grow mouse meat or labgrown mouse meat or lab grow mouse meat or cellcultured mouse or cell culture mouse meat or cellcultured mouse meat or culture mouse meat or culture mouse meat or grow mouse meat ),Mouse Muscle,Simple OR,( ms mscl trt or ms mscl trt or ms mscl trt or ms mscl trt or lbgrw ms mt or lab grw ms mt or lbgrw ms mt or lab grw ms mt or clclt ms or cl cltr ms mt or clclt ms mt or cltr ms mt or cltr ms mt or grw ms mt )
functional mushroom or functional mushroom or chaga or reishi or cordycep or cordyceps or powder mushroom or powder mushroom or mushroom powder or super shrooms or medicinal mushroom or medicinal mushroom or lion's mane or lion mane or turkey tail or enokitake or maitake or shiitake or mushroom or mushroom,Mushrooms,Simple OR,fnctn mshrm or fnctn mshrm or chg or rsh or crdyc or crdyc or pwdr mshrm or pwdr mshrm or mshrm pwdr or spr shrms or mdcnl mshrm or mdcnl mshrm or ln's mn or ln mn or trky tl or enktk or mtk or shtk or mshrm or mshrm
( natural or allnatural or 100natural ) and ( food or formula or formula or ingredient or ingredient ),Natural,Single AND,( ntrl or alntr or 100nt ) and ( fd or frml or frml or ingrd or ingrd )
noncafo or non cafo or nonfeedlot or non feedlot,Non-CAFO,Simple OR,nncf or non cf or nnfdl or non fdlt
( ( novel or protein or proteinsource or protein or diet or formula or formula or treat ) and ( redfish or alligator or asian carp or barramundi or basa or beaver or bigeye or bison or boar or wildboar or bream or brushtail or buffalo or squid or calamari or capelin or carp or catfish or caviar or char or cisco or crawfish or cricket or crocodile or crustacean or crustacean or duck or duck or eel or elk or emu or flounder or game bird or gamebird or goat or goose or guinea fowl or hake or silver or halibut or herring or hoki or hokifish or kangaroo or krill or lobster or lobster or mahi or minnow or monkfish or mutton or pike or ostrich or oyster or perch or pheasant or pollock or quail or rabbit or snapper or redfish or rockfish or rock fish or rockfish or redstripe or scallop or scallop or sea bream or seabream or sea cucumber or seabass or shark or sheep or shirasu or tilapia or trevally or trout or veal or venison or walleye or wolfish ) ) or novel protein or novel protein,Novel Proteins,Double closing bracket,( ( nvl or prtn or prtns or prtn or dt or frml or frml or trt ) and ( rdfsh or algtr or asn crp or brmnd or bs or bvr or bgy or bsn or br or wldbr or brm or brsht or bfl or sqd or clmr or cpln or crp or ctfsh or cvr or chr or csc or crwfs or crckt or crcdl or crstc or crstc or dck or dck or eel or elk or emu or flndr or gm brd or gmbrd or gt or gs or gn fwl or hk or slvr or hlbt or hrng or hk or hkfsh or kngr or krl or lbstr or lbstr or mh or mnw or mnkfs or mtn or pk or ostrc or oystr or prch or phsnt or plck or ql or rbt or snpr or rdfsh or rckfs or rck fsh or rckfs or rdstr or sclp or sclp or sea brm or sbrm or sea ccmbr or sbs or shrk or shp or shrs or tlp or trvly or trt or vl or vnsn or wly or wlfsh ) ) or nvl prtn or nvl prtn
oral microbiome or oral microflora or oral micriobiota or oral flora or oralmicrobiome or oralmicroflora or oralflora or oralmicrobiota,Oral Microbiome,Simple OR,orl mcrbm or orl mcrfl or orl mcrbt or orl flr or orlmc or orlmc or orlfl or orlmc
( protein or protein or meat ) and ( organ or organ or heart or heart or live or liver or kidney or kidney or lung or lung or gizzard or gizzard or pancreas or bladder or bladder or intestine or intestine or spleen or stomach or tripe or viscus ),Organ Protein and Organ Meat,Single AND,( prtn or prtn or mt ) and ( orgn or orgn or hrt or hrt or lv or lvr or kdny or kdny or lng or lng or gzrd or gzrd or pncrs or bldr or bldr or intst or intst or spln or stmch or trp or vscs )
organic or organic or usdaorganic or certifiedorganic or usdacertified organic or organic,Organic,Simple OR,orgnc or orgnc or usdrg or crtfd or usdcr orgnc or orgnc
( ( pasture raise or pastureraised or pastureraised ) and ( food or source or source or claim or claim or claim or chicken or chicken or beef or cow or protein or livestock ) ),Pasture Raised,Single AND,( ( pstr rs or pstrr or pstrr ) and ( fd or src or src or clm or clm or clm or chckn or chckn or bf or cow or prtn or lvstc ) )
( pea or pea ) and ( allergen or allergen or allergy or allergic or sensitivity or sensitive or allergy or sensitivity or intolerance or intolerant or free or free from or make without or zero or no or without ),Pea Free,Single AND,( pea or pea ) and ( alrgn or alrgn or alrgy or alrgc or snstv or snstv or alrgy or snstv or intlr or intlr or fr or fr frm or mk wtht or zr or no or wtht )
( pesticide or pesticide or herbicide or herbicide or insecticide or insecticide or fumigant or fumigant ) and ( free or free or zero or add or no or without ),Pesticide Free,Single AND,( pstcd or pstcd or hrbcd or hrbcd or insct or insct or fmgnt or fmgnt ) and ( fr or fr or zr or add or no or wtht )
( ( source of protein or protein source or protein ) and ( yam or yam or soya or chickpea or chickpea or soy or bean or bean or pulse or lentil or lentil or alga or potato or potato or corn or tofu or pea or pea or legume or legume or vegetable or vegetable ) ) or plant protein or plant base protein or plantbased protein or plant base,Plant Based Protein,Double closing bracket,( ( src of prtn or prtn src or prtn ) and ( yam or yam or sy or chckp or chckp or soy or bn or bn or pls or lntl or lntl or alg or ptt or ptt or crn or tf or pea or pea or lgm or lgm or vgtbl or vgtbl ) ) or plnt prtn or plnt bs prtn or plntb prtn or plnt bs
( potato or potato ) and ( allergen or allergen or allergy or allergic or sensitivity or sensitive or allergy or sensitivity or intolerance or intolerant or free or free from or make without or zero or no or without ) and not ( hot dog or hotdog or grain free or sweet pea ),Potato Free,AND and AND NOT,( ptt or ptt ) and ( alrgn or alrgn or alrgy or alrgc or snstv or snstv or alrgy or snstv or intlr or intlr or fr or fr frm or mk wtht or zr or no or wtht ) and not ( hot dog or htdg or grn fr or swt pea )
( ( prebiotic or prebiotic or prebiotic or prebiotic ) and ( probiotic or probiotic or fortiflora or probiotic or probiotic ) ),Prebiotic AND Probiotic,Single AND,( ( prbtc or prbtc or prbtc or prbtc ) and ( prbtc or prbtc or frtfl or prbtc or prbtc ) )
prebiotic or prebiotic or prebiotic or prebiotic,Prebiotics,Simple OR,prbtc or prbtc or prbtc or prbtc
probiotic or probiotic or fortiflora or probiotic or probiotic,Probiotics,Simple OR,prbtc or prbtc or frtfl or prbtc or prbtc
( propylene glycol ) and ( allergen or allergen or allergy or allergic or sensitivity or sensitive or allergy or sensitivity or intolerance or intolerant or free or free from or make without or zero or no or without ),Propylene Glycol,Single AND,( prpyl glycl ) and ( alrgn or alrgn or alrgy or alrgc or snstv or snstv or alrgy or snstv or intlr or intlr or fr or fr frm or mk wtht or zr or no or wtht )
( local source or locally source or source locally or locallysourced or localsource or regionally source or source regionally or regional source or regionallysourced or regionalsource or locallysourced or localfood or locallygrown ),Provenance Sourcing,Simple OR,( lcl src or lcly src or src lcly or lclys or lclsr or rgnly src or src rgnly or rgnl src or rgnly or rgnls or lclys or lclfd or lclyg )
( puppy or puppy's or puppy or kitten or kitten or puppyhealth or puppydiet or puppydiets or kittyhealth or kittenhealth or kittendiet or kittendiets or kittydiet ) and ( formula or formula or food or feed or feed or serve or serve or serve or feed or eat or eat or eat or diet or diet ),Puppy/Kitten,Single AND,( ppy or ppy's or ppy or ktn or ktn or ppyhl or ppydt or ppydt or ktyhl or ktnhl or ktndt or ktndt or ktydt ) and ( frml or frml or fd or fd or fd or srv or srv or srv or fd or eat or eat or eat or dt or dt )
ranch raise or ranchraised,Ranch Raised,Simple OR,rnch rs or rnchr
( raw or barf or biologically appropriate raw food or biologically appropriate raw food diet or bioappropriate raw food or bioappropriate raw food diet or bio appropriate raw food or bio appropriate raw food or ( bone and raw food ) or ( bone and raw food diet ) or rawfood or rawfeeding or rawdogfood or rawcatfood or rawpuppyfood or rawkittenfood or feedingraw or rawdiet or pmrdiet or barf or barfdiet or barf ) and not ( barfed or barfs or paw or paw or nose or ear or ear ),Raw,Single AND NOT,( raw or brf or blgcl aprpr raw fd or blgcl aprpr raw fd dt or bprpr raw fd or bprpr raw fd dt or bio aprpr raw fd or bio aprpr raw fd or ( bn and raw fd ) or ( bn and raw fd dt ) or rwfd or rwfdn or rwdgf or rwctf or rwppy or rwktn or fdngr or rwdt or pmrdt or brf or brfdt or brf ) and not ( brfd or brfs or paw or paw or ns or ear or ear )
( ( raw and freeze ) and not ( freeze dry or freezedried or frzdrd or paw or paw or nose or ear or ear ) ) or rawfood or rawfeeding or rawdogfood or rawcatfood or rawpuppyfood or rawkittenfood or feedingraw,Raw Frozen,Double closing bracket - AND NOT,( ( raw and frz ) and not ( frz dry or frzdr or frzdr or paw or paw or ns or ear or ear ) ) or rwfd or rwfdn or rwdgf or rwctf or rwppy or rwktn or fdngr
minimal package or minimally package or minimum package or edible package or recyclable or recycle or recycle or recycle or zero waste or zerowaste or compost or compostable or compost or compost or compost or renewable or teracycle certify or certify by teracycle or reusable,Recyclable/Minimal Packaging,Simple OR,mnml pckg or mnmly pckg or mnmm pckg or edbl pckg or rcycl or rcycl or rcycl or rcycl or zr wst or zrwst or cmpst or cmpst or cmpst or cmpst or cmpst or rnwbl or trcyc crtfy or crtfy by trcyc or rsbl
( ( regenerative or regenerativefarm or regenerativefarming ) and ( agriculture or ag or farm or farm or farm or farm or crop or crop or soil ) ),Regenerative Agriculture,Single AND,( ( rgnrt or rgnrt or rgnrt ) and ( agrcl or ag or frm or frm or frm or frm or crp or crp or sl ) )
pole line catch or pole catch or line catch or dolphin safe or dolphinsafe or wild catch or wildcaught or marine stewardship council or aquaculture stewardship council or monterey bay aquarium seafood watch or fishwise or fish wise or aquaculture or aquiculture or salmon safe or salmonsafe or sustainable fish or sustainable seafood or turtle safe or wildcaught,Seafood Sourcing,Simple OR,pl ln ctch or pl ctch or ln ctch or dlphn sf or dlphn or wld ctch or wldcg or mrn stwrd cncl or aqclt stwrd cncl or mntry bay aqrm sfd wtch or fshws or fsh ws or aqclt or aqclt or slmn sf or slmns or sstnb fsh or sstnb sfd or trtl sf or wldcg
( ( age or old or senior or mature or old or seven or adult or agingdog or agingcat ) and ( formula or formula or food or feed or feed or serve or serve or serve or feed or eat or eat or eat or diet or diet ) ),Senior Pets,Single AND,( ( age or old or snr or mtr or old or svn or adlt or agngd or agngc ) and ( frml or frml or fd or fd or fd or srv or srv or srv or fd or eat or eat or eat or dt or dt ) )
( ( skin or fur or coat or coat or hot spot or hot spot or dandruf or dermatitis or eczema ) and ( care or healthy or health or improve or improve or glossy or shiny or formula or chew or supplement or supplement or problem or cause or treatment or cause or treatment or treat or soothe or heal or heal or disorder ) ) or spin-dry skin,Skin and Coat,Double closing bracket,( ( skn or fur or ct or ct or hot spt or hot spt or dndrf or drmtt or eczm ) and ( cr or hlthy or hlth or imprv or imprv or glsy or shny or frml or chw or splmn or splmn or prblm or cs or trtmn or cs or trtmn or trt or sth or hl or hl or dsrdr ) ) or spn-dr skn
skin microbiome or skin microflora or skin micriobiota or skin flora or skinmicrobiome or skinflora or skinmicrobiota or skinmicroflora,Skin Microbiome,Simple OR,skn mcrbm or skn mcrfl or skn mcrbt or skn flr or sknmc or sknfl or sknmc or sknmc
slow grow and ( chicken or chicken or poultry ),Slow Grown,Single AND,slw grw and ( chckn or chckn or pltry )
sou vide,Sous Vide,Simple OR,sou vd
soy and ( allergen or allergen or allergy or allergic or sensitivity or sensitive or allergy or sensitivity or intolerance or intolerant or free or free from or make without or zero or no or without ),Soy Free,Single AND,soy and ( alrgn or alrgn or alrgy or alrgc or snstv or snstv or alrgy or snstv or intlr or intlr or fr or fr frm or mk wtht or zr or no or wtht )
( sprout or sprout or sprout or pea shoot or pea shoot ) and not ( garden ),Sprouted (Grain),Single AND NOT,( sprt or sprt or sprt or pea sht or pea sht ) and not ( grdn )
starch and ( allergen or allergen or allergy or allergic or sensititivity or sensitive or allergy or sensitivity or intolerance or intolerant or free or free from or make without or zero or no or without ),Starch Free,Single AND,strch and ( alrgn or alrgn or alrgy or alrgc or snstt or snstv or alrgy or snstv or intlr or intlr or fr or fr frm or mk wtht or zr or no or wtht )
stress or stress or anxiety or anxious or depress or depression or anxiety or depression,Stress/Anxiety/Depression,Simple OR,strs or strs or anxty or anxs or dprs or dprsn or anxty or dprsn
superfood or super food or superfoods or super food or superfood,Superfood,Simple OR,sprfd or spr fd or sprfd or spr fd or sprfd
( manufacture or manufacture or manufacture or factory or factory or facility or facility ) and ( sustainable or sustainability or renewable or environmentally friendly or green or zero waste or solar panel or solar panel or low carbon footprint or greenhouse gas or carbon neutral or low emission or low emission or solar power or solar power or wind power or wind power or hydropower or hydro power or hydropowered or hydro power or renewable energy ),Sustainable Manufacturing Practices,Single AND,( mnfct or mnfct or mnfct or fctry or fctry or fclty or fclty ) and ( sstnb or sstnb or rnwbl or envrn frndl or grn or zr wst or slr pnl or slr pnl or low crbn ftprn or grnhs gas or crbn ntrl or low emsn or low emsn or slr pwr or slr pwr or wnd pwr or wnd pwr or hydrp or hydr pwr or hydrp or hydr pwr or rnwbl enrgy )
taurine or taurine,Taurine,Simple OR,trn or trn
( therapeutic or prescription ) and ( diet or formula or formula or diet or diet ),Therapeutic Diet,Single AND,( thrpt or prscr ) and ( dt or frml or frml or dt or dt )
transitional and ( agriculture or ag or farm or farm or farm or farm or crop or crop ),Transitional Farming,Single AND,trnst and ( agrcl or ag or frm or frm or frm or frm or crp or crp )
turmeric or turmeric,Turmeric,Simple OR,trmrc or trmrc
upcycle or upcycling or upcycled or upcycles or creative reuse or upcycle,Upcycling,Simple OR,upcyc or upcyc or upcyc or upcyc or crtv rs or upcyc
( ( urinary or renal or kidney ) and ( healthy or healthy or care or food or formula ) ) or uti or uth,UTH,Double closing bracket,( ( urnry or rnl or kdny ) and ( hlthy or hlthy or cr or fd or frml ) ) or uti or uth
vegan or veganism or vegan,Vegan,Simple OR,vgn or vgnsm or vgn
vegetarian or vegetarianism or vegetarian,Vegetarian,Simple OR,vgtrn or vgtrn or vgtrn
( ( vision or eye or eye or eyesight or eye sight or ocular ) and ( care or health or healthy or improve or formula or formula or support or problem or problem or sharp or cloudy or clear or bright or treatment or treatment ) ),Vision Health,Single AND,( ( vsn or eye or eye or eysgh or eye sght or oclr ) and ( cr or hlth or hlthy or imprv or frml or frml or sprt or prblm or prblm or shrp or cldy or clr or brght or trtmn or trtmn ) )
( volumetric and ( diet or diet or diet or formula or formula ) ),Volumetric Diet,Single AND,( vlmtr and ( dt or dt or dt or frml or frml ) )
nosetotail or nose to tail or root to stem or roottostem or organ meat or offal or wholeanimal or whole animal or nosetotail or wholeanimal,Whole Food  Usage,Simple OR,nsttl or ns to tl or rt to stm or rtstm or orgn mt or ofl or whlnm or whl anml or nsttl or whlnm
whole muscle or ( whole jerky ),Whole Muscle Treat,Simple OR,whl mscl or ( whl jrky )
( prey diet or preydiet or prey model or preymodel or whole prey or wholeprey or prey or wholeprey or preydiet ),Whole Prey,Simple OR,( pry dt or prydt or pry mdl or prymd or whl pry or whlpr or pry or whlpr or prydt )
