Old,New
Aging Pets-Vitality ,Aging/Vitality
Air Dried,Air Dried
Algae,Algae
Instinctual/Ancestral-Total,Ancestral/Instinctual
Allergy Management,Allergy-Food Intolerance
Animal Welfare (ALL),Animal Welfare (All)
Antibiotic and Hormone Free,Antibiotic and Hormone Free
Antibiotic Free,Antibiotic Free
Ayurverdic,Ayurvedic Diet
BARF ,BARF
Bone Broth,Bone Broth
Bone Health,Bone Health
Cage/Pen Free,Cage/Pen Free
CBD,CBD
Certified/Verified (Land),Certified/Verified (Land)
Chamomile,Chamomile
Certified/Verified (Seafood),Certified/Verified (Seafood)
Cognition/Brain Health,Cognition/Brain Health
Corn Free,Corn Free
Dehydrated,Dehydrated
Dental/Oral Health,Oral/Dental Health
Healthy Digestion,Digestive Health
ethoxyquin,Ethoxyquin Free
Fair Trade,Fair Trade
Farm Raised (Land),Farm Raised (Land)
Farm Raised (Seafood),Farm Raised (Seafood)
Fermented Foods,Fermented Foods
Fillers,No Fillers
Food Carbon Impact,Food Carbon Impact
Food Traceability,Food Traceability
Free Range,Free Range
Freeze Dried,Freeze Dried
GAP Standards,GAP Standards
Gluten Free,Gluten Free
GMO Free/Non-GMO,GMO Free
Grain Free ,Grain Free
Grass Fed,Grass Fed
Gut Health,Gut Health
Gut Microbiome,Gut Microbiome
Hairball,Hairball
Hand Crafted Foods,Hand Crafted
Heart Health,Heart Health
Heritage-Breed Meats,Heritage Breed Protein
High Protein,High Protein
Holistic Food,Holistic Food
Hormone Free,Hormone Free
Human Grade,Human Grade
Immune Health,Immune Health
Joint Health,Joint Health
Ketogenic Diet,Ketogenic Diet
Lavender,Lavender
Lentil Free,Lentil Free
Lifestage (ALL),Lifestage (ALL)
Limited Ingredient,Limited Ingredient
Made in the USA,Made in the USA
Microbiome (ALL),Microbiome (ALL)
Minimally Processed,Minimally Processed
Mushrooms,Functional Mushrooms
Natural,All Natural
Artificial Colors,No Artificial Colors
Artificial Flavors,No Artificial Flavors
Artificial Preservatives,No Artificial Preservatives
By-Products,No By-Products
Organ Protein and Organ Meat,Organ Protein
Organic,Organic Certified
Pasture Raised,Pasture Raised
Pesticide Free,Pesticide Free
Potato Free,Potato Free
Prebiotics,Prebiotics
Prebiotic AND Probiotic,Prebiotics AND Probiotics
Probiotics,Probiotics
Propylene Glycol ,Propylene Glycol Free
Provenance Sourcing,Provenance Sourcing
Puppy/Kitten,Puppy/Kitten
Ranch Raised,Ranch Raised
Raw,Raw
Recyclable/Minimal Packaging,Recyclable/Minimal Packaging
Regenerative Agriculture,Regenerative Agriculture
Seafood Sourcing,Seafood Sourcing
Senior Pets,Senior Pets
Skin and Coat,Skin and Coat Health
Soups/Broths,Soups/Broths
Sous Vide,Sous Vide
Soy Free,Soy Free
Sustainable Manufacturing Practices,Sustainable Manufacturing Practices
Taurine,Taurine
UTH,Urinary Health
Vegan,Vegan
Vision Health,Vision Health
Vegetarian,Vegetarian
Healthy Weight/Weight Management,Weight Management
Whole Food  Usage,Whole Food Usage
Whole Prey,Whole Prey
